<?xml version="1.0" encoding="UTF-8" ?>
<!DOCTYPE configuration
        PUBLIC "-//mybatis.org//DTD Config 3.0//EN"
        "http://mybatis.org/dtd/mybatis-3-config.dtd">
<configuration>
    <properties resource="jdbc.properties"/>
    <!-- 别名 -->
    <typeAliases>
        <!-- type 指定需要映射的实体类 包名+类名
            alias 别名
         -->
        <typeAlias type="com.etjava.model.Student" alias="Student"/>
    </typeAliases>
    <!-- 配置环境 例如 development开发环境-->
    <environments default="development">
        <environment id="development">
            <!-- 事务管理 -->
            <transactionManager type="JDBC"/>
            <!-- 数据源 POOLED连接池 -->
            <dataSource type="POOLED">
                <property name="driver" value="${jdbc.driverClassName}"/>
                <property name="url" value="${jdbc.url}"/>
                <property name="username" value="${jdbc.username}"/>
                <property name="password" value="${jdbc.password}"/>
            </dataSource>
        </environment>
    </environments>
    <!-- 映射器 映射实体类与数据库SQL -->
    <mappers>
        <mapper resource="mappers/student/StudentMappers.xml"/>
    </mappers>
</configuration>