<?xml version="1.0" encoding="UTF-8" ?>
<!DOCTYPE mapper
        PUBLIC "-//mybatis.org//DTD Mapper 3.0//EN"
        "http://mybatis.org/dtd/mybatis-3-mapper.dtd">
<!-- 映射  namespace 对应的是接口的完整名称-->
<mapper namespace="com.etjava.mappers.StudentMappers">

    <!--定义返回的结果集-->
    <resultMap id="StudentMap" type="Student">
        <id property="id" column="id"/>
        <result property="stuName" column="stuName"/>
        <result property="age" column="age"/>
    </resultMap>

    <!--根据姓名模糊匹配学生信息-->
    <select id="findByName" parameterType="String" resultMap="StudentMap">
        select * from t_student where stuName like concat('%',#{name},'%');
    </select>

    <!--根据ID查询学生信息-->
    <select id="findById" parameterType="Integer" resultType="Student">
        select * from t_student where id=#{id}
    </select>

    <!-- id 需要与接口中的方法名保持一直
        parameterType 入参
        Student 对应的是mybatis-config中的别名 如果那边没有配置别名
        这里需要写完整的类名  包名+类名
     -->
    <insert id="add" parameterType="Student">
        insert into t_student values (null,#{stuName},#{age})
    </insert>

    <!--修改学生信息SQL映射-->
    <update id="update" parameterType="Student">
        update t_student set stuName=#{stuName},age=#{age} where id=#{id}
    </update>
    <!--删除学生信息-->
    <delete id="delete" parameterType="Integer">
        delete from t_student where id=#{id}
    </delete>
</mapper>