<?xml version="1.0" encoding="UTF-8" ?>
<!DOCTYPE mapper
        PUBLIC "-//mybatis.org//DTD Mapper 3.0//EN"
        "http://mybatis.org/dtd/mybatis-3-mapper.dtd">
<!-- 映射  namespace 对应的是接口的完整名称-->
<mapper namespace="com.etjava.mappers.TeacherMapper">
    <resultMap id="TeacherMap" type="Teacher">
        <id property="id" column="id"/>
        <result property="teaName" column="teaName"/>
        <result property="teaAge" column="teaAge"/>
        <result property="curriculum" column="curriculum"/>
    </resultMap>

    <select id="find" parameterType="Integer" resultMap="TeacherMap">
        select * from t_teacher where 1=1
        <if test="teaName!=null ">
            and teaName=#{teaName}
        </if>
        <if test="teaAge!=null">
            and teaAge=#{teaAge}
        </if>
        <if test="curriculum!=null">
            and curriculum=#{curriculum}
        </if>
    </select>

    <select id="find2" parameterType="Map" resultMap="TeacherMap">
        select * from t_teacher
        <choose>
            <!-- 相当于if -->
            <when test="searchBy=='name'">
                where teaName=#{teaName}
            </when>
            <when test="searchBy=='age'">
                where teaAge=#{teaAge}
            </when>
            <!--相当于else-->
            <otherwise>
                where curriculum='Java'
            </otherwise>
        </choose>
    </select>
</mapper>