<?xml version="1.0" encoding="UTF-8" ?>
<!DOCTYPE mapper
        PUBLIC "-//mybatis.org//DTD Mapper 3.0//EN"
        "http://mybatis.org/dtd/mybatis-3-mapper.dtd">

<mapper namespace="com.etjava.mappers.TeacherMapper">
    <resultMap id="TeacherMap" type="Teacher">
        <id property="id" column="id"/>
        <result property="teaName" column="teaName"/>
        <result property="teaAge" column="teaAge"/>
        <result property="curriculum" column="curriculum"/>
    </resultMap>
    <!--
    size="1024"  表示cache中能容纳最大元素的数量 默认1024
    flushInterval="60000" 定义缓存刷新周期 单位毫秒
    eviction="LRU" 定义缓存的移除机制，默认LRU(Least Recently Used) 最近最少使用
    还有FIFO(First In First Out) 先进先出
    readOnly="false" 是否只读  默认false 可读可写   true 缓存只能读
    使用缓存必须实现Serializable接口
    -->
    <cache size="1024" flushInterval="60000" eviction="LRU" readOnly="false"/>
    <!--
    然后在select中添加使用缓存配置
    useCache="true" 定义使用缓存 默认就是true
    flushCache="false" 定义是否清空缓存  false为不清空缓存
    insert 语句中默认是清空缓存的
    -->

    <select id="find" parameterType="Map" resultMap="TeacherMap" useCache="true" flushCache="false">
        select * from t_teacher
        <where>
            <if test="teaName!=null and teaName!='' ">
                and teaName=#{teaName}
            </if>
        </where>
    </select>
    <!--添加修改删除语句默认清空缓存的-->
    <insert id="addTeacher" parameterType="Teacher" flushCache="true">
        insert into t_teacher values(null,#{teaName},${teaAge},#{curriculum},#{pic},#{remark})
    </insert>

</mapper>