<?xml version="1.0" encoding="UTF-8" ?>
<!DOCTYPE mapper
        PUBLIC "-//mybatis.org//DTD Mapper 3.0//EN"
        "http://mybatis.org/dtd/mybatis-3-mapper.dtd">
<!-- 映射  namespace 对应的是接口的完整名称-->
<mapper namespace="com.etjava.mappers.StudentMappers">

    <!--定义返回的结果集-->
    <resultMap id="StudentMap" type="Student">
        <id property="id" column="id"/>
        <result property="stuName" column="stuName"/>
        <result property="age" column="age"/>
    </resultMap>



    <!--测试1对1查询 定义返回的结果集 这种方式重用性低-->
    <resultMap id="StudentMap2" type="Student">
        <id property="id" column="id"/>
        <result property="stuName" column="stuName"/>
        <result property="age" column="age"/>
        <!--address.id 对象级联方式-->
        <result property="address.id" column="addressId"/>
        <result property="address.sheng" column="sheng"/>
        <result property="address.shi" column="shi"/>
        <result property="address.qu" column="qu"/>

    </resultMap>

    <!--引入其他的结果集 引入其他结果集-->
    <resultMap id="StudentMap3" type="Student">
        <id property="id" column="id"/>
        <result property="stuName" column="stuName"/>
        <result property="age" column="age"/>
        <!--引用其他的resultmap-->
        <association property="address" resultMap="AddressMap"/>
    </resultMap>

    <!--定义地址实体类映射-->
    <resultMap id="AddressMap" type="Address">
        <id property="id" column="id"/>
        <result property="sheng" column="sheng"/>
        <result property="shi" column="shi"/>
        <result property="qu" column="qu"/>
    </resultMap>

    <!--内嵌式-->
    <resultMap id="StudentMap4" type="Student">
        <id property="id" column="id"/>
        <result property="stuName" column="stuName"/>
        <result property="age" column="age"/>
        <!--直接内嵌一个对象进来-->
        <association property="address" javaType="Address">
            <id property="id" column="id"/>
            <result property="sheng" column="sheng"/>
            <result property="shi" column="shi"/>
            <result property="qu" column="qu"/>
        </association>
    </resultMap>

    <resultMap id="StudentMap5" type="Student">
        <id property="id" column="id"/>
        <result property="stuName" column="stuName"/>
        <result property="age" column="age"/>
        <!--级联查询
        property 当前实体类中的属性
        column 对应的是当前类中的外键属性 addressId
        select 指定要执行的方法
        -->
        <association property="address" column="addressId" select="com.etjava.mappers.AddressMapper.findById"></association>
    </resultMap>

    <!--根据年级ID查询学生信息-->
    <select id="findByGradeId" parameterType="Integer" resultMap="StudentMap">
        select * from t_student where gradeId=#{gradeId}
    </select>

    <!--根据ID查询学生信息 带地址-->
    <select id="findStudentWithAddress" parameterType="Integer" resultMap="StudentMap5">
        SELECT * FROM t_student t1,t_address t2 WHERE t1.addressId=t2.id AND t1.id=#{id}
    </select>

    <!--带分页条件的查询-->
    <select id="findAll" parameterType="Map" resultMap="StudentMap">
        select * from t_student limit #{start},#{size}
    </select>

    <!--根据姓名模糊匹配学生信息-->
    <select id="findByName" parameterType="String" resultMap="StudentMap">
        select * from t_student where stuName like concat('%',#{name},'%');
    </select>

    <!--根据ID查询学生信息-->
    <select id="findById" parameterType="Integer" resultType="Student">
        select * from t_student where id=#{id}
    </select>

    <!-- id 需要与接口中的方法名保持一直
        parameterType 入参
        Student 对应的是mybatis-config中的别名 如果那边没有配置别名
        这里需要写完整的类名  包名+类名
     -->
    <insert id="add" parameterType="Student">
        insert into t_student values (null,#{stuName},#{age})
    </insert>

    <!--修改学生信息SQL映射-->
    <update id="update" parameterType="Student">
        update t_student set stuName=#{stuName},age=#{age} where id=#{id}
    </update>
    <!--删除学生信息-->
    <delete id="delete" parameterType="Integer">
        delete from t_student where id=#{id}
    </delete>
</mapper>