<?xml version="1.0" encoding="UTF-8" ?>
<!DOCTYPE mapper
        PUBLIC "-//mybatis.org//DTD Mapper 3.0//EN"
        "http://mybatis.org/dtd/mybatis-3-mapper.dtd">
<!-- 映射  namespace 对应的是接口的完整名称-->
<mapper namespace="com.etjava.mappers.TeacherMapper">
    <resultMap id="TeacherMap" type="Teacher">
        <id property="id" column="id"/>
        <result property="teaName" column="teaName"/>
        <result property="teaAge" column="teaAge"/>
        <result property="curriculum" column="curriculum"/>
    </resultMap>

    <select id="find" parameterType="Map" resultMap="TeacherMap">
        select * from t_teacher where 1=1
        <if test="teaName!=null and teaName!='' ">
            and teaName=#{teaName}
        </if>
        <if test="teaAge!=null">
            and teaAge=#{teaAge}
        </if>
        <if test="curriculum!=null">
            and curriculum=#{curriculum}
        </if>
    </select>

    <!--
        if(){

        }else if(){

        }else if(){

        }
    -->
    <select id="find2" parameterType="Map" resultMap="TeacherMap">
        select * from t_teacher
        <choose>
            <!-- 相当于if -->
            <when test="searchBy=='name'">
                where teaName=#{teaName}
            </when>
            <when test="searchBy=='age'">
                where teaAge=#{teaAge}
            </when>
            <!--相当于else-->
            <otherwise>
                where curriculum='Java'
            </otherwise>
        </choose>
    </select>

    <select id="find3" parameterType="Map" resultMap="TeacherMap">
        select * from t_teacher
        <where>
            <if test="teaName!=null and teaName!='' ">
                and teaName=#{teaName}
            </if>
            <if test="teaAge!=null">
                and teaAge=#{teaAge}
            </if>
            <if test="curriculum!=null">
                and curriculum=#{curriculum}
            </if>
        </where>
    </select>

    <select id="find5" parameterType="Map" resultMap="TeacherMap">
        select * from t_teacher
        <if test="ids!=null">
            <where>
                id in
                <foreach item="id" collection="ids"
                         open="(" separator="," close=")">
                    #{id}
                </foreach>
            </where>
        </if>
    </select>

    <update id="update" parameterType="Teacher" >
        update t_teacher
        <set>
            <if test="teaName!=null">
                teaName=#{teaName},
            </if>
            <if test="teaAge!=null">
                teaAge=#{teaAge},
            </if>
        </set>
        where id=#{id}
    </update>
    <insert id="addTeacher" parameterType="Teacher">
        insert into t_teacher values(null,#{teaName},#{teaAge},#{curriculum},#{pic},#{remark})
    </insert>

    <select id="findById" parameterType="Integer" resultMap="TeacherMap">
        select * from t_teacher where id=#{id}
    </select>

    <!-- 如果入参是多个 这里就不能直接指定参数类型 而改为#{param1} #{param2} 方式实现-->
    <select id="findA3" resultMap="TeacherMap">
        select * from t_teacher where teaName=#{param1} and teaAge=#{param2}
    </select>
    <!-- 逻辑分页 参数RowBounds可以不用定义数据类型-->
    <select id="findA4" resultMap="TeacherMap" >
        select * from t_teacher
    </select>

    <!-- 物理分页 真正的分页-->
    <select id="findA5" resultMap="TeacherMap" >
        select * from t_teacher
        <if test="start!=null and size!=null">
            limit #{start},#{size}
        </if>
    </select>

</mapper>