<?xml version="1.0" encoding="UTF-8" ?>
<!DOCTYPE configuration
        PUBLIC "-//mybatis.org//DTD Config 3.0//EN"
        "http://mybatis.org/dtd/mybatis-3-config.dtd">
<configuration>
    <properties resource="jdbc.properties"/>
    <!-- 别名 -->
    <typeAliases>
        <!-- type 指定需要映射的实体类 包名+类名
            alias 别名
         -->
        <!--<typeAlias type="com.etjava.model.Student" alias="Student"/>-->
        <package name="com.etjava.model"/>
    </typeAliases>
    <!-- 配置环境 例如 development开发环境-->
    <environments default="development">
        <environment id="development">
            <!-- 事务管理 -->
            <transactionManager type="JDBC"/>
            <!-- 数据源 POOLED连接池 -->
            <dataSource type="POOLED">
                <property name="driver" value="${jdbc.driverClassName}"/>
                <property name="url" value="${jdbc.url}"/>
                <property name="username" value="${jdbc.username}"/>
                <property name="password" value="${jdbc.password}"/>
            </dataSource>
        </environment>
        <!-- 测试环境 -->
        <environment id="test">
            <!-- 事务管理 -->
            <transactionManager type="JDBC"/>
            <!-- 数据源 POOLED连接池 -->
            <dataSource type="POOLED">
                <property name="driver" value="${jdbc.driverClassName}"/>
                <property name="url" value="${jdbc.url}"/>
                <property name="username" value="${jdbc.username}"/>
                <property name="password" value="${jdbc.password}"/>
            </dataSource>
        </environment>
    </environments>
    <!-- 映射器 映射实体类与数据库SQL -->
    <mappers>
        <!--<mapper resource="mappers/student/StudentMappers.xml"/>-->
        <!--
            扫描包时 如果是放在resources目录下的话 必须与mapper接口报名字保持一致 否则编译后无法将其放入到src目录下对应的包中
            如果你的接口映射文件与接口文件在同一个包下 直接扫描即可
            Eclipse中不会存在这些问题 直接使用即可
        -->
        <package name="com.etjava.mappers"/>

    </mappers>
</configuration>